"","Predicted Americans","Predicted Europeans","Predicted Japanese"
"Actual Americans",0.538461538461538,0.0170940170940171,0.0683760683760684
"Actual Europeans",0.0256410256410256,0.094017094017094,0.0512820512820513
"Actual Japanese",0.0683760683760684,0.00854700854700855,0.128205128205128
